{"meta":{"version":1,"warehouse":"4.0.0"},"models":{"Asset":[{"_id":"source/CNAME","path":"CNAME","modified":1,"renderable":0},{"_id":"node_modules/hexo-theme-landscape/source/css/style.styl","path":"css/style.styl","modified":1,"renderable":1},{"_id":"node_modules/hexo-theme-landscape/source/fancybox/jquery.fancybox.min.js","path":"fancybox/jquery.fancybox.min.js","modified":1,"renderable":1},{"_id":"node_modules/hexo-theme-landscape/source/fancybox/jquery.fancybox.min.css","path":"fancybox/jquery.fancybox.min.css","modified":1,"renderable":1},{"_id":"node_modules/hexo-theme-landscape/source/js/jquery-3.4.1.min.js","path":"js/jquery-3.4.1.min.js","modified":1,"renderable":1},{"_id":"node_modules/hexo-theme-landscape/source/js/script.js","path":"js/script.js","modified":1,"renderable":1},{"_id":"node_modules/hexo-theme-landscape/source/css/fonts/FontAwesome.otf","path":"css/fonts/FontAwesome.otf","modified":1,"renderable":1},{"_id":"node_modules/hexo-theme-landscape/source/css/fonts/fontawesome-webfont.eot","path":"css/fonts/fontawesome-webfont.eot","modified":1,"renderable":1},{"_id":"node_modules/hexo-theme-landscape/source/css/fonts/fontawesome-webfont.svg","path":"css/fonts/fontawesome-webfont.svg","modified":1,"renderable":1},{"_id":"node_modules/hexo-theme-landscape/source/css/fonts/fontawesome-webfont.ttf","path":"css/fonts/fontawesome-webfont.ttf","modified":1,"renderable":1},{"_id":"node_modules/hexo-theme-landscape/source/css/fonts/fontawesome-webfont.woff","path":"css/fonts/fontawesome-webfont.woff","modified":1,"renderable":1},{"_id":"node_modules/hexo-theme-landscape/source/css/fonts/fontawesome-webfont.woff2","path":"css/fonts/fontawesome-webfont.woff2","modified":1,"renderable":1},{"_id":"node_modules/hexo-theme-landscape/source/css/images/banner.jpg","path":"css/images/banner.jpg","modified":1,"renderable":1}],"Cache":[{"_id":"source/CNAME","hash":"7f5584c0c6f1d03ec3da250bc732a0b5e71c1394","modified":1647178424905},{"_id":"source/_posts/hello-world.md","hash":"acad91ace80b80295b11a9b7ad4c29a2dcfdd8fb","modified":1647176231049},{"_id":"node_modules/hexo-theme-landscape/LICENSE","hash":"c480fce396b23997ee23cc535518ffaaf7f458f8","modified":1647176235234},{"_id":"node_modules/hexo-theme-landscape/README.md","hash":"d2772ece6d4422ccdaa0359c3e07588834044052","modified":1647176235754},{"_id":"node_modules/hexo-theme-landscape/_config.yml","hash":"b608c1f1322760dce9805285a602a95832730a2e","modified":1647176235830},{"_id":"node_modules/hexo-theme-landscape/package.json","hash":"9a94875cbf4c27fbe2e63da0496242addc6d2876","modified":1647176235751},{"_id":"node_modules/hexo-theme-landscape/layout/archive.ejs","hash":"2703b07cc8ac64ae46d1d263f4653013c7e1666b","modified":1647176235501},{"_id":"node_modules/hexo-theme-landscape/layout/layout.ejs","hash":"0d1765036e4874500e68256fedb7470e96eeb6ee","modified":1647176235627},{"_id":"node_modules/hexo-theme-landscape/layout/category.ejs","hash":"765426a9c8236828dc34759e604cc2c52292835a","modified":1647176235549},{"_id":"node_modules/hexo-theme-landscape/layout/page.ejs","hash":"7d80e4e36b14d30a7cd2ac1f61376d9ebf264e8b","modified":1647176235644},{"_id":"node_modules/hexo-theme-landscape/layout/index.ejs","hash":"aa1b4456907bdb43e629be3931547e2d29ac58c8","modified":1647176235620},{"_id":"node_modules/hexo-theme-landscape/layout/post.ejs","hash":"7d80e4e36b14d30a7cd2ac1f61376d9ebf264e8b","modified":1647176235649},{"_id":"node_modules/hexo-theme-landscape/layout/tag.ejs","hash":"eaa7b4ccb2ca7befb90142e4e68995fb1ea68b2e","modified":1647176235673},{"_id":"node_modules/hexo-theme-landscape/languages/de.yml","hash":"3ebf0775abbee928c8d7bda943c191d166ded0d3","modified":1647176235832},{"_id":"node_modules/hexo-theme-landscape/languages/en.yml","hash":"3083f319b352d21d80fc5e20113ddf27889c9d11","modified":1647176235833},{"_id":"node_modules/hexo-theme-landscape/languages/es.yml","hash":"76edb1171b86532ef12cfd15f5f2c1ac3949f061","modified":1647176235835},{"_id":"node_modules/hexo-theme-landscape/languages/fr.yml","hash":"415e1c580ced8e4ce20b3b0aeedc3610341c76fb","modified":1647176235836},{"_id":"node_modules/hexo-theme-landscape/languages/hu.yml","hash":"284d557130bf54a74e7dcef9d42096130e4d9550","modified":1647176235838},{"_id":"node_modules/hexo-theme-landscape/languages/ja.yml","hash":"a73e1b9c80fd6e930e2628b393bfe3fb716a21a9","modified":1647176235840},{"_id":"node_modules/hexo-theme-landscape/languages/it.yml","hash":"89b7d91306b2c1a0f3ac023b657bf974f798a1e8","modified":1647176235839},{"_id":"node_modules/hexo-theme-landscape/languages/ko.yml","hash":"881d6a0a101706e0452af81c580218e0bfddd9cf","modified":1647176235842},{"_id":"node_modules/hexo-theme-landscape/languages/nl.yml","hash":"12ed59faba1fc4e8cdd1d42ab55ef518dde8039c","modified":1647176235845},{"_id":"node_modules/hexo-theme-landscape/languages/no.yml","hash":"965a171e70347215ec726952e63f5b47930931ef","modified":1647176235847},{"_id":"node_modules/hexo-theme-landscape/languages/mn.yml","hash":"2e7523951072a9403ead3840ad823edd1084c116","modified":1647176235843},{"_id":"node_modules/hexo-theme-landscape/languages/pt.yml","hash":"57d07b75d434fbfc33b0ddb543021cb5f53318a8","modified":1647176235849},{"_id":"node_modules/hexo-theme-landscape/languages/ru.yml","hash":"4fda301bbd8b39f2c714e2c934eccc4b27c0a2b0","modified":1647176235850},{"_id":"node_modules/hexo-theme-landscape/languages/tr.yml","hash":"a1cdbfa17682d7a971de8ab8588bf57c74224b5b","modified":1647176235851},{"_id":"node_modules/hexo-theme-landscape/languages/zh-TW.yml","hash":"53ce3000c5f767759c7d2c4efcaa9049788599c3","modified":1647176235854},{"_id":"node_modules/hexo-theme-landscape/languages/zh-CN.yml","hash":"1efd95774f401c80193eac6ee3f1794bfe93dc5a","modified":1647176235853},{"_id":"node_modules/hexo-theme-landscape/scripts/fancybox.js","hash":"c857d7a5e4a5d71c743a009c5932bf84229db428","modified":1647176235733},{"_id":"node_modules/hexo-theme-landscape/layout/_partial/after-footer.ejs","hash":"414914ebb159fac1922b056b905e570ac7521925","modified":1647176235361},{"_id":"node_modules/hexo-theme-landscape/layout/_partial/archive-post.ejs","hash":"c7a71425a946d05414c069ec91811b5c09a92c47","modified":1647176235398},{"_id":"node_modules/hexo-theme-landscape/layout/_partial/article.ejs","hash":"dfd555c00e85ffc4207c88968d12b219c1f086ec","modified":1647176235514},{"_id":"node_modules/hexo-theme-landscape/layout/_partial/archive.ejs","hash":"7cb70a7a54f8c7ae49b10d1f37c0a9b74eab8826","modified":1647176235424},{"_id":"node_modules/hexo-theme-landscape/layout/_partial/gauges-analytics.ejs","hash":"21a1e2a3907d1a3dad1cd0ab855fe6735f233c74","modified":1647176235586},{"_id":"node_modules/hexo-theme-landscape/layout/_partial/google-analytics.ejs","hash":"2ea7442ea1e1a8ab4e41e26c563f58413b59a3d0","modified":1647176235598},{"_id":"node_modules/hexo-theme-landscape/layout/_partial/footer.ejs","hash":"3656eb692254346671abc03cb3ba1459829e0dce","modified":1647176235568},{"_id":"node_modules/hexo-theme-landscape/layout/_partial/head.ejs","hash":"f215d92a882247a7cc5ea80b241bedfcec0ea6ca","modified":1647176235605},{"_id":"node_modules/hexo-theme-landscape/layout/_partial/header.ejs","hash":"c1acd247e14588cdf101a69460cb8319c18cd078","modified":1647176235613},{"_id":"node_modules/hexo-theme-landscape/layout/_partial/mobile-nav.ejs","hash":"e952a532dfc583930a666b9d4479c32d4a84b44e","modified":1647176235632},{"_id":"node_modules/hexo-theme-landscape/layout/_partial/sidebar.ejs","hash":"930da35cc2d447a92e5ee8f835735e6fd2232469","modified":1647176235659},{"_id":"node_modules/hexo-theme-landscape/layout/_widget/archive.ejs","hash":"beb4a86fcc82a9bdda9289b59db5a1988918bec3","modified":1647176235461},{"_id":"node_modules/hexo-theme-landscape/layout/_widget/category.ejs","hash":"dd1e5af3c6af3f5d6c85dfd5ca1766faed6a0b05","modified":1647176235540},{"_id":"node_modules/hexo-theme-landscape/layout/_widget/tag.ejs","hash":"2de380865df9ab5f577f7d3bcadf44261eb5faae","modified":1647176235669},{"_id":"node_modules/hexo-theme-landscape/layout/_widget/recent_posts.ejs","hash":"60c4b012dcc656438ff59997e60367e5a21ab746","modified":1647176235654},{"_id":"node_modules/hexo-theme-landscape/layout/_widget/tagcloud.ejs","hash":"b4a2079101643f63993dcdb32925c9b071763b46","modified":1647176235677},{"_id":"node_modules/hexo-theme-landscape/source/css/_extend.styl","hash":"222fbe6d222531d61c1ef0f868c90f747b1c2ced","modified":1647176235765},{"_id":"node_modules/hexo-theme-landscape/source/css/style.styl","hash":"9c451e5efd72c5bb8b56e8c2b94be731e99db05b","modified":1647176235795},{"_id":"node_modules/hexo-theme-landscape/source/css/_variables.styl","hash":"581b0cbefdaa5f894922133989dd2d3bf71ded79","modified":1647176235767},{"_id":"node_modules/hexo-theme-landscape/source/fancybox/jquery.fancybox.min.css","hash":"1be9b79be02a1cfc5d96c4a5e0feb8f472babd95","modified":1647176235283},{"_id":"node_modules/hexo-theme-landscape/source/js/script.js","hash":"998ed4c5b147e1299bf62beebf33514474f28112","modified":1647176235749},{"_id":"node_modules/hexo-theme-landscape/layout/_partial/post/category.ejs","hash":"c6bcd0e04271ffca81da25bcff5adf3d46f02fc0","modified":1647176235530},{"_id":"node_modules/hexo-theme-landscape/layout/_partial/post/date.ejs","hash":"f1458584b679545830b75bef2526e2f3eb931045","modified":1647176235559},{"_id":"node_modules/hexo-theme-landscape/layout/_partial/post/gallery.ejs","hash":"3d9d81a3c693ff2378ef06ddb6810254e509de5b","modified":1647176235575},{"_id":"node_modules/hexo-theme-landscape/layout/_partial/post/title.ejs","hash":"4d7e62574ddf46de9b41605fe3140d77b5ddb26d","modified":1647176235680},{"_id":"node_modules/hexo-theme-landscape/layout/_partial/post/tag.ejs","hash":"2fcb0bf9c8847a644167a27824c9bb19ac74dd14","modified":1647176235664},{"_id":"node_modules/hexo-theme-landscape/layout/_partial/post/nav.ejs","hash":"16a904de7bceccbb36b4267565f2215704db2880","modified":1647176235638},{"_id":"node_modules/hexo-theme-landscape/source/css/_partial/archive.styl","hash":"db15f5677dc68f1730e82190bab69c24611ca292","modified":1647176235770},{"_id":"node_modules/hexo-theme-landscape/source/css/_partial/article.styl","hash":"80759482d07063c091e940f964a1cf6693d3d406","modified":1647176235772},{"_id":"node_modules/hexo-theme-landscape/source/css/_partial/comment.styl","hash":"79d280d8d203abb3bd933ca9b8e38c78ec684987","modified":1647176235774},{"_id":"node_modules/hexo-theme-landscape/source/css/_partial/footer.styl","hash":"e35a060b8512031048919709a8e7b1ec0e40bc1b","modified":1647176235776},{"_id":"node_modules/hexo-theme-landscape/source/css/_partial/highlight.styl","hash":"bf4e7be1968dad495b04e83c95eac14c4d0ad7c0","modified":1647176235784},{"_id":"node_modules/hexo-theme-landscape/source/css/_partial/header.styl","hash":"85ab11e082f4dd86dde72bed653d57ec5381f30c","modified":1647176235782},{"_id":"node_modules/hexo-theme-landscape/source/css/_partial/mobile.styl","hash":"a399cf9e1e1cec3e4269066e2948d7ae5854d745","modified":1647176235788},{"_id":"node_modules/hexo-theme-landscape/source/css/_partial/sidebar-aside.styl","hash":"890349df5145abf46ce7712010c89237900b3713","modified":1647176235789},{"_id":"node_modules/hexo-theme-landscape/source/css/_partial/sidebar.styl","hash":"404ec059dc674a48b9ab89cd83f258dec4dcb24d","modified":1647176235793},{"_id":"node_modules/hexo-theme-landscape/source/css/_partial/sidebar-bottom.styl","hash":"8fd4f30d319542babfd31f087ddbac550f000a8a","modified":1647176235791},{"_id":"node_modules/hexo-theme-landscape/source/css/_util/grid.styl","hash":"0bf55ee5d09f193e249083602ac5fcdb1e571aed","modified":1647176235779},{"_id":"node_modules/hexo-theme-landscape/source/css/_util/mixin.styl","hash":"44f32767d9fd3c1c08a60d91f181ee53c8f0dbb3","modified":1647176235786},{"_id":"node_modules/hexo-theme-landscape/source/fancybox/jquery.fancybox.min.js","hash":"6181412e73966696d08e1e5b1243a572d0f22ba6","modified":1647176235746},{"_id":"node_modules/hexo-theme-landscape/source/js/jquery-3.4.1.min.js","hash":"88523924351bac0b5d560fe0c5781e2556e7693d","modified":1647176235740},{"_id":"node_modules/hexo-theme-landscape/source/css/fonts/fontawesome-webfont.woff","hash":"28b782240b3e76db824e12c02754a9731a167527","modified":1647176235824},{"_id":"node_modules/hexo-theme-landscape/source/css/fonts/fontawesome-webfont.woff2","hash":"d6f48cba7d076fb6f2fd6ba993a75b9dc1ecbf0c","modified":1647176235828},{"_id":"node_modules/hexo-theme-landscape/source/css/fonts/FontAwesome.otf","hash":"048707bc52ac4b6563aaa383bfe8660a0ddc908c","modified":1647176235761},{"_id":"node_modules/hexo-theme-landscape/source/css/fonts/fontawesome-webfont.eot","hash":"d980c2ce873dc43af460d4d572d441304499f400","modified":1647176235699},{"_id":"node_modules/hexo-theme-landscape/source/css/fonts/fontawesome-webfont.ttf","hash":"13b1eab65a983c7a73bc7997c479d66943f7c6cb","modified":1647176235818},{"_id":"node_modules/hexo-theme-landscape/source/css/images/banner.jpg","hash":"f44aa591089fcb3ec79770a1e102fd3289a7c6a6","modified":1647176235730},{"_id":"node_modules/hexo-theme-landscape/source/css/fonts/fontawesome-webfont.svg","hash":"98a8aa5cf7d62c2eff5f07ede8d844b874ef06ed","modified":1647176235810},{"_id":"public/2022/03/13/hello-world/index.html","hash":"ff7ca7b92f5dbce5f8f79e9a3ae4d6c53bc34023","modified":1647178459411},{"_id":"public/archives/index.html","hash":"ced1b83b3e4fafd8cb71bc0e02492c63f328dbd5","modified":1647178459411},{"_id":"public/index.html","hash":"3a378987db5f319db09a65faa3b3dd0a3771b066","modified":1647178459411},{"_id":"public/archives/2022/index.html","hash":"13947d061d283abc4fb11c2fcfa88d2d58e06f2b","modified":1647178459411},{"_id":"public/archives/2022/03/index.html","hash":"966de8c459db958e22f4df65420ec2b9f8270a4a","modified":1647178459411},{"_id":"public/CNAME","hash":"7f5584c0c6f1d03ec3da250bc732a0b5e71c1394","modified":1647178459411},{"_id":"public/fancybox/jquery.fancybox.min.css","hash":"1be9b79be02a1cfc5d96c4a5e0feb8f472babd95","modified":1647178459411},{"_id":"public/css/style.css","hash":"263d98c93ae32dda6f7bbc8473105f3c441aca99","modified":1647178459411},{"_id":"public/fancybox/jquery.fancybox.min.js","hash":"6181412e73966696d08e1e5b1243a572d0f22ba6","modified":1647178459411},{"_id":"public/js/jquery-3.4.1.min.js","hash":"88523924351bac0b5d560fe0c5781e2556e7693d","modified":1647178459411},{"_id":"public/css/fonts/fontawesome-webfont.eot","hash":"d980c2ce873dc43af460d4d572d441304499f400","modified":1647178459411},{"_id":"public/js/script.js","hash":"998ed4c5b147e1299bf62beebf33514474f28112","modified":1647178459411},{"_id":"public/css/fonts/fontawesome-webfont.woff","hash":"28b782240b3e76db824e12c02754a9731a167527","modified":1647178459411},{"_id":"public/css/fonts/fontawesome-webfont.woff2","hash":"d6f48cba7d076fb6f2fd6ba993a75b9dc1ecbf0c","modified":1647178459411},{"_id":"public/css/fonts/FontAwesome.otf","hash":"048707bc52ac4b6563aaa383bfe8660a0ddc908c","modified":1647178459411},{"_id":"public/css/fonts/fontawesome-webfont.ttf","hash":"13b1eab65a983c7a73bc7997c479d66943f7c6cb","modified":1647178459411},{"_id":"public/css/images/banner.jpg","hash":"f44aa591089fcb3ec79770a1e102fd3289a7c6a6","modified":1647178459411},{"_id":"public/css/fonts/fontawesome-webfont.svg","hash":"98a8aa5cf7d62c2eff5f07ede8d844b874ef06ed","modified":1647178459411}],"Category":[],"Data":[],"Page":[],"Post":[{"title":"Hello World","_content":"Welcome to [Hexo](https://hexo.io/)! This is your very first post. Check [documentation](https://hexo.io/docs/) for more info. If you get any problems when using Hexo, you can find the answer in [troubleshooting](https://hexo.io/docs/troubleshooting.html) or you can ask me on [GitHub](https://github.com/hexojs/hexo/issues).\n\n## Quick Start\n\n### Create a new post\n\n``` bash\n$ hexo new \"My New Post\"\n```\n\nMore info: [Writing](https://hexo.io/docs/writing.html)\n\n### Run server\n\n``` bash\n$ hexo server\n```\n\nMore info: [Server](https://hexo.io/docs/server.html)\n\n### Generate static files\n\n``` bash\n$ hexo generate\n```\n\nMore info: [Generating](https://hexo.io/docs/generating.html)\n\n### Deploy to remote sites\n\n``` bash\n$ hexo deploy\n```\n\nMore info: [Deployment](https://hexo.io/docs/one-command-deployment.html)\n","source":"_posts/hello-world.md","raw":"---\ntitle: Hello World\n---\nWelcome to [Hexo](https://hexo.io/)! This is your very first post. Check [documentation](https://hexo.io/docs/) for more info. If you get any problems when using Hexo, you can find the answer in [troubleshooting](https://hexo.io/docs/troubleshooting.html) or you can ask me on [GitHub](https://github.com/hexojs/hexo/issues).\n\n## Quick Start\n\n### Create a new post\n\n``` bash\n$ hexo new \"My New Post\"\n```\n\nMore info: [Writing](https://hexo.io/docs/writing.html)\n\n### Run server\n\n``` bash\n$ hexo server\n```\n\nMore info: [Server](https://hexo.io/docs/server.html)\n\n### Generate static files\n\n``` bash\n$ hexo generate\n```\n\nMore info: [Generating](https://hexo.io/docs/generating.html)\n\n### Deploy to remote sites\n\n``` bash\n$ hexo deploy\n```\n\nMore info: [Deployment](https://hexo.io/docs/one-command-deployment.html)\n","slug":"hello-world","published":1,"date":"2022-03-13T12:57:11.049Z","updated":"2022-03-13T12:57:11.049Z","comments":1,"layout":"post","photos":[],"link":"","_id":"cl0pbixpq0000bcv73eg2hjbh","content":"<p>Welcome to <a href=\"https://hexo.io/\">Hexo</a>! This is your very first post. Check <a href=\"https://hexo.io/docs/\">documentation</a> for more info. If you get any problems when using Hexo, you can find the answer in <a href=\"https://hexo.io/docs/troubleshooting.html\">troubleshooting</a> or you can ask me on <a href=\"https://github.com/hexojs/hexo/issues\">GitHub</a>.</p>\n<h2 id=\"Quick-Start\"><a href=\"#Quick-Start\" class=\"headerlink\" title=\"Quick Start\"></a>Quick Start</h2><h3 id=\"Create-a-new-post\"><a href=\"#Create-a-new-post\" class=\"headerlink\" title=\"Create a new post\"></a>Create a new post</h3><figure class=\"highlight bash\"><table><tr><td class=\"gutter\"><pre><span class=\"line\">1</span><br></pre></td><td class=\"code\"><pre><span class=\"line\">$ hexo new <span class=\"string\">&quot;My New Post&quot;</span></span><br></pre></td></tr></table></figure>\n\n<p>More info: <a href=\"https://hexo.io/docs/writing.html\">Writing</a></p>\n<h3 id=\"Run-server\"><a href=\"#Run-server\" class=\"headerlink\" title=\"Run server\"></a>Run server</h3><figure class=\"highlight bash\"><table><tr><td class=\"gutter\"><pre><span class=\"line\">1</span><br></pre></td><td class=\"code\"><pre><span class=\"line\">$ hexo server</span><br></pre></td></tr></table></figure>\n\n<p>More info: <a href=\"https://hexo.io/docs/server.html\">Server</a></p>\n<h3 id=\"Generate-static-files\"><a href=\"#Generate-static-files\" class=\"headerlink\" title=\"Generate static files\"></a>Generate static files</h3><figure class=\"highlight bash\"><table><tr><td class=\"gutter\"><pre><span class=\"line\">1</span><br></pre></td><td class=\"code\"><pre><span class=\"line\">$ hexo generate</span><br></pre></td></tr></table></figure>\n\n<p>More info: <a href=\"https://hexo.io/docs/generating.html\">Generating</a></p>\n<h3 id=\"Deploy-to-remote-sites\"><a href=\"#Deploy-to-remote-sites\" class=\"headerlink\" title=\"Deploy to remote sites\"></a>Deploy to remote sites</h3><figure class=\"highlight bash\"><table><tr><td class=\"gutter\"><pre><span class=\"line\">1</span><br></pre></td><td class=\"code\"><pre><span class=\"line\">$ hexo deploy</span><br></pre></td></tr></table></figure>\n\n<p>More info: <a href=\"https://hexo.io/docs/one-command-deployment.html\">Deployment</a></p>\n","site":{"data":{}},"excerpt":"","more":"<p>Welcome to <a href=\"https://hexo.io/\">Hexo</a>! This is your very first post. Check <a href=\"https://hexo.io/docs/\">documentation</a> for more info. If you get any problems when using Hexo, you can find the answer in <a href=\"https://hexo.io/docs/troubleshooting.html\">troubleshooting</a> or you can ask me on <a href=\"https://github.com/hexojs/hexo/issues\">GitHub</a>.</p>\n<h2 id=\"Quick-Start\"><a href=\"#Quick-Start\" class=\"headerlink\" title=\"Quick Start\"></a>Quick Start</h2><h3 id=\"Create-a-new-post\"><a href=\"#Create-a-new-post\" class=\"headerlink\" title=\"Create a new post\"></a>Create a new post</h3><figure class=\"highlight bash\"><table><tr><td class=\"gutter\"><pre><span class=\"line\">1</span><br></pre></td><td class=\"code\"><pre><span class=\"line\">$ hexo new <span class=\"string\">&quot;My New Post&quot;</span></span><br></pre></td></tr></table></figure>\n\n<p>More info: <a href=\"https://hexo.io/docs/writing.html\">Writing</a></p>\n<h3 id=\"Run-server\"><a href=\"#Run-server\" class=\"headerlink\" title=\"Run server\"></a>Run server</h3><figure class=\"highlight bash\"><table><tr><td class=\"gutter\"><pre><span class=\"line\">1</span><br></pre></td><td class=\"code\"><pre><span class=\"line\">$ hexo server</span><br></pre></td></tr></table></figure>\n\n<p>More info: <a href=\"https://hexo.io/docs/server.html\">Server</a></p>\n<h3 id=\"Generate-static-files\"><a href=\"#Generate-static-files\" class=\"headerlink\" title=\"Generate static files\"></a>Generate static files</h3><figure class=\"highlight bash\"><table><tr><td class=\"gutter\"><pre><span class=\"line\">1</span><br></pre></td><td class=\"code\"><pre><span class=\"line\">$ hexo generate</span><br></pre></td></tr></table></figure>\n\n<p>More info: <a href=\"https://hexo.io/docs/generating.html\">Generating</a></p>\n<h3 id=\"Deploy-to-remote-sites\"><a href=\"#Deploy-to-remote-sites\" class=\"headerlink\" title=\"Deploy to remote sites\"></a>Deploy to remote sites</h3><figure class=\"highlight bash\"><table><tr><td class=\"gutter\"><pre><span class=\"line\">1</span><br></pre></td><td class=\"code\"><pre><span class=\"line\">$ hexo deploy</span><br></pre></td></tr></table></figure>\n\n<p>More info: <a href=\"https://hexo.io/docs/one-command-deployment.html\">Deployment</a></p>\n"}],"PostAsset":[],"PostCategory":[],"PostTag":[],"Tag":[]}}